method,n_snps,beta,se,ci_lower,ci_upper,p_value,cochrans_q,p_het
IVW,16,-0.2985781404794446,0.003773449995515078,-0.30597410247065415,-0.291182178488235,0.0,562.953192782716,0.0
