gene,rs,pip,in_credible_set
TREM2,rs814803,0.09297433352491291,True
TREM2,rs76615917,0.09745281072039723,True
TREM2,rs9296341,0.08647900720636228,True
TREM2,rs115781917,0.07587299303820258,True
TREM2,rs114590912,0.07486972279156438,True
TREM2,rs41271271,0.08079906909868778,True
TREM2,rs191969619,0.12158905880280456,True
TREM2,rs9471416,0.08508577976825796,True
TREM2,rs2492930,0.09276693317235712,True
TREM2,rs112798345,0.10649110887043443,True
TREM2,rs71558751,0.08561918300601881,True
BIN1,rs13423529,0.07148247464934941,True
BIN1,rs72843356,0.11466561527706416,True
BIN1,rs10169310,0.0858583209643306,True
BIN1,rs62158731,0.14115027911837136,True
BIN1,rs58682665,0.1411502791185052,True
BIN1,rs144065370,0.0748234271136868,True
BIN1,rs138229664,0.08758230833217531,True
BIN1,rs13389409,0.1382151257412063,True
BIN1,rs1025788,0.07095456179669982,True
BIN1,rs561246329,0.07411760788861105,True
CLU,rs4615526,0.09401002803467738,True
CLU,rs146076457,0.059435480853757695,True
CLU,rs114516653,0.07101695512583305,True
CLU,rs482530,0.06265007784722532,True
CLU,rs61758614,0.09371440961070875,True
CLU,rs138619964,0.06339745633276267,True
CLU,rs17344527,0.11304308233430817,True
CLU,rs2014617,0.10516267659426291,True
CLU,rs7982,0.11627179105222453,True
CLU,rs4323431,0.10477923238959243,True
CLU,rs73227652,0.05837550528018819,True
CLU,rs10216403,0.058143304544458894,True
PICALM,rs1472422,0.10615682783169852,True
PICALM,rs1517317,0.08284143096164333,True
PICALM,rs683340,0.1366993371237409,True
PICALM,rs7930342,0.12174788409381296,True
PICALM,rs2512498,0.08393704595016804,True
PICALM,rs11234750,0.08530348722168717,True
PICALM,rs11234501,0.13700978290518748,True
PICALM,rs78798626,0.07847208576128158,True
PICALM,rs117522160,0.09808699778935372,True
PICALM,rs76858305,0.06974512036142631,True
APOE,rs13306397,0.09465389873219442,True
APOE,rs569606842,0.11014438893572193,True
APOE,rs484195,0.1114311833354673,True
APOE,rs183685938,0.05574872062012408,True
APOE,rs442679,0.09620066299490657,True
APOE,rs4802272,0.10650088064977489,True
APOE,rs10411862,0.11136737701517115,True
APOE,rs62120572,0.06074733348470474,True
APOE,rs142402271,0.05820629291566674,True
APOE,rs4239533,0.1114311833354673,True
APOE,rs113248183,0.08356807798080068,True
