gene,n_eqtl_leads,n_matched,best_tissue,PP.H4,PP.H3,PP.H1,PP.H2,twas_z,twas_p,twas_significant,mr_beta,mr_se,mr_p,mr_ci_lower,mr_ci_upper,n_credible,mr_instrument
TREM2,12,11,Brain_Substantia_nigra,0.12305961375096744,0.0015969165998781139,0.8555571275708439,3.969782650112437e-05,1.2807793756266461,0.200271170211183,False,0.02974281667585982,0.0373062385625169,0.42529934692030535,-0.04337741090667331,0.10286304425839295,11,rs71558751
BIN1,13,10,Brain_Cerebellum,0.9914357442609413,0.008564255728429568,1.062860579085151e-11,3.7757306049927546e-24,0.349672871732697,0.726584215148383,False,0.03669822837166878,0.005990461442884579,9.005331188593897e-10,0.024956923943615004,0.04843953279972255,10,rs62158731
CLU,13,12,Brain_Frontal_Cortex_BA9,0.9844774051889122,0.012024160043776856,5.742365178722099e-16,0.003498434767311664,-1.4137421347509882,0.157437629129614,False,-0.009849371907701724,0.01649224892641574,0.5503657293457498,-0.04217417980347657,0.022475435988073125,12,rs138619964
PICALM,13,10,Brain_Cerebellar_Hemisphere,0.8672145440067074,0.06317690592295559,0.04436842383822696,0.014910467191509685,1.5307396206578658,0.12583375745960926,False,-0.008595122499476407,0.009517919025782785,0.366501270114999,-0.02725024379001067,0.010059998791057853,10,rs1517317
APOE,13,11,Brain_Cerebellar_Hemisphere,0.9947456287076466,0.0039028736596067918,2.994077807179952e-90,0.0013514976327544852,-0.4454779076925264,0.6559744217433884,False,0.0003538669327727083,0.006772258474607335,0.9583275602857023,-0.01291975967745767,0.013627493543003084,11,rs183685938
