method,n_snps,beta,se,ci_lower,ci_upper,p_value,cochrans_q,p_het
IVW,16,0.35282276209748953,0.003773449995515078,0.34542680010627996,0.3602187240886991,0.0,599.4720545947976,0.0
